{
	"version" : 1,
	"cam_sens" : 4.500000,
	"fude_sens" : 2.000000
}