{
	"version" : 1,
	"ds4_scale" : [ 3.308621, 1.622414 ],
	"other_scale" : [ 2.000000, 2.000000 ]
}